date,pnl_usd
2014-06-06,-45.03000000000018
2014-06-10,28.28000000000182
2014-06-11,-17.995000000001
2014-06-12,-60.99499999999482
2014-06-16,-101.16000000000388
2014-06-17,-402.72000000000014
2014-06-18,-2.2400000000009097
2014-06-19,-168.82999999999774
2014-06-20,-29.770000000001076
2014-06-23,-826.2400000000005
2014-06-24,-2.2450000000028165
2014-06-25,-89.58499999999908
2014-06-26,-9.720000000000002
2014-06-27,-13.05500000000482
2014-06-30,79.69500000000065
2014-07-01,-74.43000000000183
2014-07-02,-12.24000000000091
2014-07-07,217.5200000000009
2014-07-08,120.52000000000045
2014-07-09,742.5200000000012
2014-07-10,707.1799999999998
2014-07-14,674.0450000000006
2014-07-15,-117.02000000000245
2014-07-16,676.7599999999998
2014-07-17,91.13000000000265
2014-07-18,-53.004999999996905
2014-07-21,-0.2399999999981811
2014-07-25,-59.41500000000063
2014-07-30,7.760000000001364
2014-07-31,-47.51000000000154
2014-08-01,554.6199999999994
2014-08-04,521.7999999999978
2014-08-05,-34.11000000000009
2014-08-06,52.84500000000275
2014-08-07,366.4900000000008
2014-08-08,-31.30500000000073
2014-08-11,49.729999999999364
2014-08-12,-45.86000000000192
2014-08-13,-37.87000000000055
2014-08-14,183.51999999999998
2014-08-15,893.3500000000013
2014-08-18,-23.754999999999633
2014-08-19,168.75999999999817
2014-08-20,538.5199999999986
2014-08-21,-177.02000000000353
2014-08-22,602.4550000000014
2014-08-25,773.2049999999977
2014-08-26,729.0799999999994
2014-08-28,-18.829999999998996
2014-08-29,-28.305000000001183
2014-09-01,28.76000000000273
2014-09-02,-49.13000000000997
2014-09-03,1147.520000000002
2014-09-04,253.5199999999977
2014-09-09,1248.7599999999995
2014-09-10,245.56499999999735
2014-09-11,940.7599999999996
2014-09-12,-21.799999999997183
2014-09-15,-249.8399999999996
2014-09-16,47.759999999999096
2014-09-19,23.559999999999548
2014-09-22,54.75999999999955
2014-09-26,1396.2800000000007
2014-09-29,-62.535000000004366
2014-09-30,265.17500000000325
2014-10-01,1414.0149999999965
2014-10-02,1523.1799999999996
2014-10-03,24.61999999999901
2014-10-06,1625.8
2014-10-07,-81.82000000000036
2014-10-08,1324.76
2014-10-09,1156.5199999999984
2014-10-10,782.5200000000003
2014-10-13,151.76
2014-10-14,1101.7599999999995
2014-10-15,773.3550000000012
2014-10-16,1147.7600000000004
2014-10-20,-56.79000000000018
2014-10-22,29.759999999999547
2014-10-23,1395.52
2014-10-27,13.760000000000455
2014-10-30,-155.09999999999872
2014-10-31,7.0799999999995435
2014-11-04,2121.7600000000007
2014-11-05,1982.3600000000013
2014-11-07,-67.51999999999971
2014-11-10,-39.61500000000045
2014-11-11,-41.154999999999724
2014-11-13,-47.82999999999991
2014-11-14,2573.039999999999
2014-11-17,116.51999999999956
2014-11-19,45.52000000000046
2014-11-24,-46.720000000000454
2014-11-26,2473.2299999999996
2014-11-27,2674.650000000001
2014-11-28,2466.0600000000027
2014-12-01,1976.4799999999984
2014-12-02,-76.58500000000181
2014-12-03,15.214999999996552
2014-12-04,-27.53000000000018
2014-12-05,30.34000000000156
2014-12-08,1634.429999999999
2014-12-09,1515.469999999996
2014-12-10,14.520000000001366
2014-12-11,1437.575
2014-12-12,1315.280000000001
2014-12-15,1463.3649999999998
2014-12-16,1280.3199999999981
2014-12-17,564.3299999999995
2014-12-18,-60.494999999998726
2014-12-19,238.52000000000126
2014-12-22,371.8849999999971
2014-12-23,-114.31499999999954
2014-12-24,245.41499999999792
2014-12-26,-85.16999999999845
2014-12-29,-93.58000000000035
2014-12-30,332.38999999999874
2015-01-02,-45.41000000000162
2015-01-05,-231.48000000000016
2015-01-06,-663.3499999999988
2015-01-07,-384.7200000000006
2015-01-09,513.0400000000036
2015-01-13,-512.8800000000016
2015-01-14,-601.504999999999
2015-01-15,-139.09999999999962
2015-01-16,-24.67000000000117
2015-01-20,63.11499999999741
2015-01-21,-33.99000000000045
2015-01-22,-46.06500000000027
2015-01-23,26.76
2015-01-26,-469.70499999999936
2015-01-27,-302.2400000000002
2015-01-28,-2.239999999998636
2015-01-29,-216.1900000000001
2015-01-30,78.63500000000349
2015-02-02,4.604999999998915
2015-02-03,148.27999999999957
2015-02-04,-704.1499999999987
2015-02-05,-29.01999999999836
2015-02-06,-66.93500000000142
2015-02-09,-18.280000000000634
2015-02-10,-57.545000000002545
2015-02-11,73.19499999999866
2015-02-12,65.26999999999956
2015-02-13,-45.954999999999906
2015-02-17,65.41000000000129
2015-02-18,-290.4099999999986
2015-02-19,-39.98999999999954
2015-02-20,59.52000000000137
2015-02-23,27.520000000000916
2015-02-24,-70.83500000000136
2015-02-25,42.52000000000091
2015-02-26,-13.48000000000273
2015-02-27,-21.53999999999927
2015-03-02,-4.530000000000637
2015-03-03,63.93000000000009
2015-03-04,-7.239999999998636
2015-03-05,404.1649999999986
2015-03-06,-212.78000000000094
2015-03-09,110.32000000000063
2015-03-10,170.0150000000013
2015-03-11,-11.104999999998636
2015-03-12,-28.14000000000009
2015-03-16,34.760000000001824
2015-03-17,-101.39999999999526
2015-03-18,-1706.4800000000007
2015-03-19,102.7599999999991
2015-03-20,-189.62500000000304
2015-03-23,-64.60499999999999
2015-03-24,-56.08499999999998
2015-03-25,-165.65999999999752
2015-03-27,59.53000000000182
2015-03-30,-40.72999999999727
2015-03-31,-15.970000000003164
2015-04-01,-9.290000000002356
2015-04-02,37.04000000000227
2015-04-06,-173.18500000000708
2015-04-07,-34.079999999999906
2015-04-08,47.27999999999819
2015-04-09,169.18999999999514
2015-04-10,-6.479999999997727
2015-04-13,130.5199999999982
2015-04-14,202.0400000000023
2015-04-15,300.04000000000406
2015-04-16,500.57999999999976
2015-04-17,312.8050000000011
2015-04-20,-37.14499999999836
2015-04-21,8.760000000002728
2015-04-22,11.015000000000365
2015-04-23,24.76000000000182
2015-04-24,129.7100000000005
2015-04-27,93.43000000000056
2015-04-29,-5.479999999998634
2015-04-30,69.51999999999981
2015-05-01,-18.244999999999628
2015-05-05,8.75999999999818
2015-05-07,-5.240000000000455
2015-05-11,-43.969999999999544
2015-05-12,16.759999999999998
2015-05-13,157.18000000000055
2015-05-14,447.00999999999976
2015-05-15,122.76000000000137
2015-05-19,7.519999999998635
2015-05-21,0.7599999999986357
2015-05-26,9.520000000001364
2015-05-28,15.290000000002728
2015-05-29,7.520000000000909
2015-06-01,255.50000000000512
2015-06-02,-4.2400000000013645
2015-06-03,-76.59000000000145
2015-06-04,32.10500000000118
2015-06-05,33.1100000000011
2015-06-08,2.045000000004187
2015-06-09,-45.97
2015-06-10,188.55999999999955
2015-06-11,-11.239999999999545
2015-06-12,-17.489999999999547
2015-06-15,-57.569999999998544
2015-06-16,-28.065000000000726
2015-06-18,6.76
2015-06-19,225.51999999999816
2015-06-22,165.27999999999773
2015-06-23,80.52000000000046
2015-06-24,-5.719999999999091
2015-06-25,-16.239999999999547
2015-06-26,-16.439999999999365
2015-06-29,-26.405000000000634
2015-06-30,11.500000000001407
2015-07-01,-72.64500000000018
2015-07-02,49.82999999999929
2015-07-03,7.760000000001364
2015-07-06,-59.8550000000009
2015-07-07,88.79999999999546
2015-07-08,-34.03999999999927
2015-07-09,-33.04000000000018
2015-07-10,-42.05249999999958
2015-07-13,-100.96999999999998
2015-07-15,128.9550000000006
2015-07-16,302.01499999999714
2015-07-17,806.1099999999989
2015-07-20,-99.54499999999422
2015-07-21,504.5200000000025
2015-07-22,-86.80500000000026
2015-07-23,258.75999999999976
2015-07-24,225.58250000000027
2015-07-27,832.3749999999985
2015-07-28,182.52000000000018
2015-07-29,-14.240000000001364
2015-07-30,248.04000000000138
2015-07-31,181.09999999999843
2015-08-03,202.3800000000008
2015-08-04,131.93999999999866
2015-08-05,128.84000000000637
2015-08-06,-119.55000000000122
2015-08-07,-100.33500000000124
2015-08-10,-99.89999999999915
2015-08-11,-63.96000000000136
2015-08-12,-171.8600000000008
2015-08-13,-8.24
2015-08-14,-408.84999999999843
2015-08-17,19.51999999999909
2015-08-18,-442.54999999999677
2015-08-19,23.559999999997274
2015-08-20,-443.544999999992
2015-08-21,-54.885000000001085
2015-08-24,-587.2349999999983
2015-08-25,-997.065000000003
2015-08-26,-121.55250000000086
2015-08-27,-41.23999999999954
2015-08-28,-9.2100000000017
2015-08-31,132.37999999999997
2015-09-01,222.14250000000305
2015-09-02,193.68750000000043
2015-09-03,58.43750000000513
2015-09-04,0.7600000000009094
2015-09-07,-20.939999999999817
2015-09-08,-98.27500000000052
2015-09-09,-87.60499999999718
2015-09-10,-43.66999999999982
2015-09-11,379.87499999999955
2015-09-14,-41.97999999999954
2015-09-15,-15.779999999998362
2015-09-16,102.84500000000118
2015-09-18,876.63
2015-09-21,19.02000000000144
2015-09-23,30.52000000000045
2015-09-24,118.29000000000158
2015-09-28,38.52000000000228
2015-09-29,157.17000000000056
2015-09-30,-168.82500000000263
2015-10-01,-41.919999999998
2015-10-02,61.655000000001145
2015-10-05,-64.4100000000021
2015-10-06,-50.41500000000081
2015-10-07,210.87000000000563
2015-10-08,-64.57999999999944
2015-10-09,237.75999999999908
2015-10-12,-797.0549999999994
2015-10-13,-45.015000000000086
2015-10-14,-120.62500000000107
2015-10-15,-63.419999999999774
2015-10-16,60.519999999998184
2015-10-19,-61.38000000000009
2015-10-20,40.760000000000915
2015-10-21,-17.24000000000091
2015-10-26,41.70000000000193
2015-10-28,72.74000000000026
2015-10-29,107.2799999999982
2015-10-30,586.3800000000008
2015-11-02,29.95499999999973
2015-11-03,-148.6250000000005
2015-11-04,228.80000000000229
2015-11-05,399.5199999999991
2015-11-06,143.85000000000002
2015-11-09,-37.515000000000086
2015-11-10,-64.02000000000062
2015-11-12,1.2600000000002842
2015-11-13,-28.214999999999453
2015-11-17,-60.07499999999818
2015-11-19,-89.20499999999808
2015-11-23,12.280000000002728
2015-11-24,45.760000000000915
2015-11-25,-44.88000000000146
2015-11-26,-30.737499999997635
2015-11-27,-170.8400000000035
2015-11-30,-13.702499999997771
2015-12-01,179.34000000000034
2015-12-02,-104.56499999999897
2015-12-03,95.52000000000046
2015-12-04,-115.40999999999985
2015-12-07,7.520000000000909
2015-12-08,41.17499999999956
2015-12-09,-27.840000000000618
2015-12-10,-21.53999999999927
2015-12-11,79.73000000000414
2015-12-14,285.30000000000035
2015-12-15,206.91499999999866
2015-12-16,-48.13000000000191
2015-12-17,801.9200000000005
2015-12-18,457.5200000000008
2015-12-21,159.57999999999922
2015-12-22,429.7599999999998
2015-12-23,17.75999999999909
2015-12-24,48.76000000000046
2015-12-30,21.30000000000002
2015-12-31,16.759999999999998
2016-01-04,366.38999999999965
2016-01-05,186.5200000000018
2016-01-06,-48.48000000000045
2016-01-07,223.47499999999638
2016-01-08,-35.82000000000127
2016-01-11,236.54000000000048
2016-01-12,-173.60999999999956
2016-01-13,-143.96999999999926
2016-01-14,-315.7599999999999
2016-01-15,-100.28000000000108
2016-01-18,-423.72000000000173
2016-01-19,-494.24
2016-01-20,-780.3100000000012
2016-01-21,-764.3450000000001
2016-01-22,72.7599999999991
2016-01-25,0.7600000000009094
2016-01-26,34.75999999999955
2016-01-27,-35.24000000000045
2016-01-28,9.519999999996818
2016-01-29,0.4250000000036369
2016-02-01,-143.51999999999757
2016-02-02,59.73999999999982
2016-02-03,381.7500000000044
2016-02-04,-122.94499999999752
2016-02-05,602.04
2016-02-08,-356.16999999999865
2016-02-09,-66.6599999999989
2016-02-10,-71.8450000000009
2016-02-11,-187.39999999999878
2016-02-12,616.2800000000013
2016-02-15,171.27499999999614
2016-02-16,-75.70499999999899
2016-02-17,104.33999999999563
2016-02-18,211.27999999999912
2016-02-19,-86.78000000000199
2016-02-22,92.07999999999836
2016-02-23,12.75999999999909
2016-02-24,265.1
2016-02-26,236.97000000000168
2016-02-29,14.539999999999047
2016-03-01,329.3975
2016-03-03,79.42500000000281
2016-03-04,239.67500000000214
2016-03-07,-65.24000000000045
2016-03-08,333.92500000000115
2016-03-09,-115.19749999999901
2016-03-10,-72.47999999999908
2016-03-11,99.5199999999991
2016-03-14,127.87000000000067
2016-03-15,351.4599999999969
2016-03-16,200.41999999999825
2016-03-17,238.13999999999956
2016-03-18,289.2799999999983
2016-03-21,-15.87999999999827
2016-03-23,247.77999999999997
2016-03-28,256.03500000000133
2016-03-29,-18.739999999999288
2016-03-30,47.3724999999952
2016-03-31,930.4450000000022
2016-04-01,-291.15999999999804
2016-04-04,4.674999999996363
2016-04-05,265.8299999999973
2016-04-06,13.53000000000501
2016-04-07,-231.9149999999937
2016-04-08,240.27999999999776
2016-04-11,730.2900000000018
2016-04-12,931.7800000000001
2016-04-13,212.28000000000046
2016-04-14,56.34999999999657
2016-04-15,1.0400000000009157
2016-04-18,-73.30499999999662
2016-04-19,-133.3650000000026
2016-04-20,-47.645000000002454
2016-04-21,658.6000000000017
2016-04-22,25.36499999999983
2016-04-25,-76.98000000000181
2016-04-26,225.5199999999982
2016-04-27,77.7599999999991
2016-04-28,361.76000000000056
2016-04-29,-140.20499999999674
2016-05-02,-25.370000000000545
2016-05-03,81.51999999999956
2016-05-04,80.41500000000092
2016-05-05,-0.34999999999925535
2016-05-06,-78.61999999999873
2016-05-09,81.51999999999728
2016-05-10,-39.81999999999991
2016-05-11,-40.619999999999166
2016-05-12,-70.24500000000462
2016-05-13,-14.980000000003628
2016-05-16,648.0399999999988
2016-05-17,288.7599999999982
2016-05-18,3.759999999999787
2016-05-19,71.08500000000461
2016-05-23,-51.3149999999989
2016-05-24,135.75999999999863
2016-05-25,-6.47999999999999
2016-05-27,-233.88
2016-05-30,-145.23499999999956
2016-05-31,-65.88249999999968
2016-06-01,126.38500000000211
2016-06-02,-13.92999999999891
2016-06-03,593.935
2016-06-06,13.744999999999475
2016-06-07,137.28000000000043
2016-06-08,524.2599999999976
2016-06-09,181.27999999999685
2016-06-10,-53.54499999999936
2016-06-13,-73.46500000000599
2016-06-14,-32.36000000000054
2016-06-16,402.16499999999826
2016-06-17,-12.719999999999544
2016-06-21,144.28000000000318
2016-06-22,-50.72000000000136
2016-06-23,-51.97999999999954
2016-06-24,49.519999999999094
2016-06-27,-244.4600000000009
2016-06-28,26.76
2016-06-29,-6.917499999999203
2016-06-30,-70.5849999999988
2016-07-01,165.92499999999865
2016-07-04,-158.22499999999872
2016-07-05,-147.0849999999968
2016-07-06,-72.5550000000018
2016-07-07,-104.71999999999998
2016-07-08,272.27999999999963
2016-07-11,-36.839999999998994
2016-07-12,177.28999999999866
2016-07-13,-130.65749999999923
2016-07-14,-59.69500000000171
2016-07-15,71.299999999997
2016-07-18,-27.030000000002907
2016-07-19,64.0199999999998
2016-07-20,-50.77999999999836
2016-07-21,36.760000000000005
2016-07-25,-12.580000000001263
2016-07-26,30.76000000000091
2016-07-27,110.76000000000091
2016-07-28,23.33000000000064
2016-07-29,-545.630000000001
2016-08-01,10.034999999999911
2016-08-02,-570.4699999999999
2016-08-03,-171.70000000000132
2016-08-04,-45.50500000000146
2016-08-05,-314.2050000000002
2016-08-08,832.5200000000007
2016-08-09,206.2800000000014
2016-08-11,1.7599999999999998
2016-08-15,111.76
2016-08-22,-28.479999999998178
2016-08-23,80.52000000000186
2016-08-24,96.27999999999682
2016-08-25,386.2799999999968
2016-08-26,-119.08499999999952
2016-08-29,45.760000000000915
2016-08-30,105.28
2016-08-31,-64.21999999999818
2016-09-01,373.1800000000004
2016-09-02,234.5399999999995
2016-09-05,509.28000000000264
2016-09-06,-123.84500000000352
2016-09-07,337.04
2016-09-09,566.5400000000009
2016-09-12,64.1125000000014
2016-09-15,118.40000000000421
2016-09-16,513.7599999999995
2016-09-22,-227.15750000000028
2016-09-26,-45.67999999999617
2016-09-27,-118.36500000000069
2016-09-29,-96.56000000000354
2016-09-30,401.1900000000054
2016-10-03,341.51999999999725
2016-10-04,-179.02499999999787
2016-10-05,122.28000000000046
2016-10-06,-88.16000000000436
2016-10-07,-105.18000000000117
2016-10-10,-158.09249999999935
2016-10-14,-84.45500000000126
2016-10-19,-99.14999999999844
2016-10-20,1.7599999999999998
2016-10-25,-54.47999999999954
2016-10-28,336.6400000000002
2016-11-01,117.67500000000166
2016-11-02,172.77500000000612
2016-11-07,-109.58000000000172
2016-11-08,-223.12000000000148
2016-11-09,277.7599999999991
2016-11-10,337.7599999999991
2016-11-11,35.75000000000233
2016-11-14,17.540000000001832
2016-11-15,-967.0199999999982
2016-11-16,-35.839999999999904
2016-11-17,8.75999999999818
2016-11-18,417.22999999999934
2016-11-23,-91.23999999999907
2016-11-25,81.66000000000129
2016-11-28,-49.964999999998994
2016-11-29,198.75999999999988
2016-11-30,24.80000000000137
2016-12-01,85.12749999999502
2016-12-02,-74.83499999999762
2016-12-05,151.82499999999771
2016-12-06,-57.245000000000545
2016-12-07,-42.19499999999718
2016-12-08,-88.88249999999817
2016-12-09,54.44499999999865
2016-12-12,-32.95999999999773
2016-12-13,-38.83000000000128
2016-12-14,6.76
2016-12-15,1095.1849999999997
2016-12-16,44.519999999999094
2016-12-19,-22.05500000000118
2016-12-20,-65.87000000000235
2016-12-21,-23.865
2016-12-22,63.76000000000029
2016-12-23,-6.2399999999995455
2016-12-27,123.28000000000183
2016-12-28,-11.24000000000078
2016-12-29,-83.20999999999972
2016-12-30,-63.292499999997986
2017-01-03,334.38000000000045
2017-01-04,344.2799999999986
2017-01-05,57.074999999999925
2017-01-09,71.02999999999966
2017-01-10,-47.27999999999922
2017-01-11,-33.454999999999906
2017-01-13,-15.780000000000626
2017-01-17,689.3799999999998
2017-01-18,-73.93999999999936
2017-01-19,-43.12999999999736
2017-01-20,81.01999999999913
2017-01-24,-34.03999999999927
2017-01-25,42.02500000000152
2017-01-26,-61.13999999999963
2017-01-27,19.760000000001817
2017-01-30,-17.20000000000364
2017-01-31,-176.72499999999533
2017-02-01,137.73000000000357
2017-02-02,243.9000000000011
2017-02-03,118.52000000000001
2017-02-06,-49.869999999997546
2017-02-07,-5.560000000002182
2017-02-08,28.205000000000265
2017-02-09,35.92999999999827
2017-02-10,-74.71000000000181
2017-02-13,138.1600000000015
2017-02-14,-54.55500000000118
2017-02-15,134.42999999999736
2017-02-16,-33.47500000000189
2017-02-17,-8.099999999994735
2017-02-21,-22.154999999998815
2017-02-22,-76.02999999999926
2017-02-23,255.04000000000184
2017-02-24,29.73000000000392
2017-02-27,-42.27249999999631
2017-02-28,3.759999999999787
2017-03-01,-187.72499999999667
2017-03-02,557.1600000000004
2017-03-03,67.01499999999945
2017-03-06,7.780000000001607
2017-03-07,53.5399999999989
2017-03-08,-125.2099999999968
2017-03-10,-52.34000000000081
2017-03-13,-4.239999999999091
2017-03-14,8.76000000000057
2017-03-15,292.6499999999999
2017-03-21,99.52000000000137
2017-03-23,2.5199999999986353
2017-03-24,-15.48000000000091
2017-03-27,-2.720000000001818
2017-03-28,-71.3024999999998
2017-03-29,-43.140000000000086
2017-03-30,-11.525000000002542
2017-03-31,354.09999999999326
2017-04-03,77.27500000000083
2017-04-04,52.04
2017-04-05,-26.150000000003864
2017-04-06,-23.844999999999093
2017-04-07,367.5599999999959
2017-04-10,24.770000000000124
2017-04-11,110.61499999999846
2017-04-12,-25.555000000000277
2017-04-13,-17.299999999998988
2017-04-17,-26.81499999999953
2017-04-18,-82.53499999999981
2017-04-19,-30.08000000000127
2017-04-20,-29.45500000000127
2017-04-21,208.1800000000009
2017-04-24,-57.88000000000099
2017-04-25,-45.0850000000009
2017-04-26,4.759999999999545
2017-04-27,-23.84500000000085
2017-04-28,-13.740000000000283
2017-05-01,212.36999999999838
2017-05-02,-79.84499999999818
2017-05-03,64.08000000000227
2017-05-04,-241.76500000000414
2017-05-09,-99.22999999999863
2017-05-12,-35.78999999999881
2017-05-15,402.2799999999971
2017-05-16,33.759999999999145
2017-05-17,15.759999999998636
2017-05-18,67.56500000000239
2017-05-23,93.28000000000112
2017-05-24,10.520000000000456
2017-05-26,-11.24000000000078
2017-05-29,-47.61000000000145
2017-05-30,59.0049999999961
2017-05-31,-29.549999999995322
2017-06-01,-60.14000000000074
2017-06-02,38.68999999999965
2017-06-05,-15.929999999999364
2017-06-06,-280.64999999999924
2017-06-07,91.55000000000194
2017-06-08,511.1799999999992
2017-06-09,304.8150000000007
2017-06-13,-31.239999999999544
2017-06-14,371.07749999999993
2017-06-15,-361.15999999999605
2017-06-16,-492.4799999999995
2017-06-19,50.71250000000023
2017-06-20,-645.0199999999985
2017-06-21,-598.3199999999981
2017-06-22,-659.4049999999992
2017-06-23,251.45499999999726
2017-06-26,77.51999999999865
2017-06-29,-123.45250000000033
2017-06-30,187.75999999999908
2017-07-03,-184.945000000006
2017-07-04,1.259999999999396
2017-07-05,-13.739999999999394
2017-07-07,-40.74000000000042
2017-07-10,169.52000000000115
2017-07-11,52.52000000000039
2017-07-12,42.51999999999883
2017-07-14,398.52
2017-07-17,73.76000000000008
2017-07-18,118.51999999999774
2017-07-25,25.879999999999463
2017-07-28,-59.72
2017-07-31,-59.87499999999891
2017-08-01,65.01500000000176
2017-08-02,79.57999999999996
2017-08-03,-26.73000000000091
2017-08-04,-11.872500000000556
2017-08-07,75.51999999999819
2017-08-08,245.7550000000009
2017-08-09,109.84000000000317
2017-08-10,0.2799999999977256
2017-08-11,-18.52999999999927
2017-08-14,-39.239999999999085
2017-08-15,-8.724999999998255
2017-08-16,589.0199999999992
2017-08-17,262.2800000000004
2017-08-18,222.27999999999818
2017-08-21,-32.240000000000904
2017-08-23,-1.2399999999995455
2017-08-24,28.76000000000273
2017-08-25,516.0400000000009
2017-08-28,143.45000000000374
2017-08-29,718.4600000000031
2017-08-30,53.779999999997926
2017-08-31,127.52000000000092
2017-09-01,-50.895000000000636
2017-09-04,167.94000000000116
2017-09-05,-6.184999999999889
2017-09-07,-32.779999999998815
2017-09-13,28.760000000000144
2017-09-15,277.51999999999634
2017-09-18,247.5200000000009
2017-09-21,-458.62500000000136
2017-09-25,-39.754999999998724
2017-09-26,6.259999999999289
2017-09-28,-23.39999999999717
2017-09-29,-33.5200000000011
2017-10-02,-148.79499999999837
2017-10-03,65.76000000000091
2017-10-04,49.540000000000006
2017-10-06,725.3850000000014
2017-10-09,87.51999999999865
2017-10-10,-176.90500000000353
2017-10-11,-28.24
2017-10-12,20.76000000000091
2017-10-13,-108.37499999999744
2017-10-16,-33.53999999999972
2017-10-17,110.76000000000091
2017-10-19,-62.91750000000057
2017-10-23,-34.27999999999972
2017-10-24,29.759999999999547
2017-10-27,-67.44000000000072
2017-10-30,-4.345000000000905
2017-10-31,-42.19500000000173
2017-11-01,233.29999999999686
2017-11-03,212.3750000000001
2017-11-06,128.76000000000002
2017-11-07,343.0399999999954
2017-11-08,-62.97999999999863
2017-11-09,-58.47999999999818
2017-11-10,-34.24000000000136
2017-11-14,-11.239999999999545
2017-11-23,351.76000000000045
2017-11-24,413.76000000000016
2017-11-27,515.7599999999998
2017-11-29,-163.75250000000514
2017-11-30,-8.399999999997178
2017-12-01,125.89749999999569
2017-12-04,5.519999999998181
2017-12-05,289.5599999999983
2017-12-06,-37.41999999999982
2017-12-07,-48.590000000003
2017-12-08,-47.12499999999972
2017-12-11,13.759999999999575
2017-12-12,36.679999999998735
2017-12-13,23.020000000000074
2017-12-14,137.38999999999973
2017-12-15,247.40999999999838
2017-12-18,-23.714999999998998
2017-12-19,-27.54500000000027
2017-12-20,156.29499999999916
2017-12-21,12.760000000001364
2017-12-22,217.0850000000015
2017-12-26,100.18000000000305
2017-12-27,1.3050000000019182
2017-12-28,66.264999999999
2017-12-29,194.5199999999991
2018-01-02,-27.149999999997988
2018-01-03,-38.28000000000063
2018-01-04,-37.240000000000336
2018-01-05,22.760000000000513
2018-01-08,-40.25500000000055
2018-01-10,-236.31999999999982
2018-01-11,-152.41750000000002
2018-01-12,164.49000000000018
2018-01-15,-94.98000000000005
2018-01-16,-236.75000000000247
2018-01-17,-126.44000000000241
2018-01-18,13.99499999999901
2018-01-25,-678.5600000000014
2018-01-26,140.28000000000003
2018-01-29,-426.2400000000004
2018-01-30,307.1075000000013
2018-01-31,-28.72000000000091
2018-02-01,-4.934999999999908
2018-02-02,65.90000000000263
2018-02-05,-31.69499999999991
2018-02-06,113.04000000000137
2018-02-07,1.7049999999981935
2018-02-08,-90.04999999999988
2018-02-09,-68.83500000000318
2018-02-12,117.00500000000129
2018-02-13,-2.239999999998636
2018-02-14,526.0249999999986
2018-02-15,160.51999999999816
2018-02-20,156.28000000000137
2018-02-21,-1.479999999995453
2018-02-22,-11.239999999999545
2018-02-23,-39.569999999999
2018-02-27,-82.6099999999944
2018-02-28,10.229999999997148
2018-03-01,562.5899999999924
2018-03-02,-92.79500000000118
2018-03-06,-24.10500000000044
2018-03-08,150.26499999999677
2018-03-14,-25.042500000000274
2018-03-15,-31.240000000000354
2018-03-19,-96.08499999999908
2018-03-21,-57.61500000000017
2018-03-23,-173.0800000000008
2018-03-26,135.52000000000044
2018-03-27,-6.47999999999999
2018-03-28,-35.64499999999745
2018-03-29,-25.945000000001727
2018-04-02,-202.57500000000263
2018-04-03,21.83499999999917
2018-04-04,485.47999999999877
2018-04-05,-93.02999999999855
2018-04-06,461.5200000000018
2018-04-09,310.5200000000027
2018-04-11,787.1400000000023
2018-04-12,-67.39500000000153
2018-04-16,17.75999999999909
2018-04-17,-18.704999999998538
2018-04-18,-89.72000000000001
2018-04-19,51.16499999999909
2018-04-20,11.61500000000672
2018-04-23,-114.16500000000082
2018-04-24,-13.654999999999726
2018-04-25,3.2900000000022462
2018-04-27,-41.265000000000086
2018-04-30,-101.45249999999977
2018-05-01,381.2599999999986
2018-05-02,22.645000000000913
2018-05-08,74.76000000000182
2018-05-10,-39.904999999999724
2018-05-16,214.52000000000137
2018-05-18,101.76
2018-05-21,156.64000000000038
2018-05-30,-40.46499999999737
2018-05-31,-54.209999999999994
2018-06-01,132.655000000003
2018-06-04,33.52
2018-06-05,-8.30000000000491
2018-06-06,-43.69499999999809
2018-06-07,-492.58500000000123
2018-06-08,-11.48
2018-06-11,-17.949999999997964
2018-06-12,45.95999999999846
2018-06-14,154.2599999999979
2018-06-15,286.83499999999975
2018-06-18,22.759999999999092
2018-06-19,166.25999999999942
2018-06-21,-60.944999999999446
2018-06-22,30.76000000000091
2018-06-25,-25.644999999998618
2018-06-26,173.47999999999712
2018-06-27,-6.48
2018-06-28,-224.8250000000005
2018-06-29,-610.4200000000012
2018-07-02,-652.7099999999997
2018-07-03,-41.44000000000163
2018-07-04,-869.2400000000011
2018-07-05,-888.9800000000002
2018-07-09,-49.540000000001086
2018-07-10,33.76000000000046
2018-07-12,143.01999999999998
2018-07-13,106.25999999999982
2018-07-18,6.260000000000177
2018-07-19,405.98000000000286
2018-07-20,-51.052499999999924
2018-07-26,60.75999999999864
2018-07-30,-8.82499999999885
2018-07-31,227.46249999999333
2018-08-01,-17.47999999999909
2018-08-02,30.154999999998918
2018-08-03,17.354999999999823
2018-08-06,24.35999999999882
2018-08-07,-14.240000000001364
2018-08-10,44.48000000000074
2018-08-13,108.43000000000056
2018-08-14,-77.4700000000009
2018-08-15,-131.74000000000157
2018-08-16,49.08249999999997
2018-08-17,10.76000000000091
2018-08-20,533.2799999999972
2018-08-23,127.76000000000137
2018-08-24,-135.2200000000018
2018-08-27,-107.10499999999999
2018-08-28,209.58000000000064
2018-08-30,-50.47999999999887
2018-08-31,-15.482499999998407
2018-09-04,28.120000000000374
2018-09-05,11.260000000000073
2018-09-06,-26.30249999999987
2018-09-11,42.65499999999863
2018-09-12,-140.3575000000005
2018-09-20,-3.740000000000497
2018-09-24,18.760000000000357
2018-09-27,1.7999999999995513
2018-09-28,385.51999999999816
2018-10-01,-1.1300000000014592
2018-10-02,-92.49249999999982
2018-10-03,-36.615000000000904
2018-10-04,39.75999999999955
2018-10-08,-88.55250000000045
2018-10-11,111.27999999999909
2018-10-16,26.76
2018-10-23,31.76
2018-10-24,-141.05749999999912
2018-10-30,6.76
2018-10-31,1477.044999999999
2018-11-01,1167.6550000000002
2018-11-02,1215.7599999999998
2018-11-05,1353.76
2018-11-06,1697.76
2018-11-07,1468.7599999999998
2018-11-08,1578.76
2018-11-09,1301.9900000000005
2018-11-12,1817.7600000000002
2018-11-13,1701.3999999999965
2018-11-14,1131.76
2018-11-16,-5.035000000000499
2018-11-20,-31.240000000001817
2018-11-21,654.7599999999999
2018-11-26,-104.2400000000005
2018-11-29,0.08499999999913044
2018-11-30,45.65999999999793
2018-12-03,-124.9050000000019
2018-12-04,-0.4349999999994463
2018-12-05,-1.2399999999995455
2018-12-06,-31.970000000001363
2018-12-07,-6.48
2018-12-10,-6.979999999999546
2018-12-12,-27.329999999998826
2018-12-13,-30.91999999999664
2018-12-14,91.96000000000191
2018-12-17,-46.365000000000634
2018-12-18,-503.24
2018-12-19,-581.8499999999967
2018-12-20,60.779999999999546
2018-12-21,-841.2399999999997
2018-12-24,-893.0799999999914
2018-12-26,-780.4200000000001
2018-12-28,70.75500000000129
2018-12-31,36.51999999999955
2019-01-02,-22.56999999999855
2019-01-03,40.980000000001645
2019-01-04,-81.66000000000118
2019-01-08,6.76
2019-01-09,-31.964999999999453
2019-01-14,-53.030000000002
2019-01-15,-39.280000000002
2019-01-22,341.20749999999987
2019-01-23,-57.99500000000099
2019-01-28,111.88000000000083
2019-01-29,176.26000000000002
2019-01-30,76.63000000000157
2019-01-31,141.11999999999773
2019-02-01,-61.63500000000291
2019-02-04,95.31999999999728
2019-02-06,-21.830000000000823
2019-02-07,104.65999999999855
2019-02-08,-64.43500000000036
2019-02-11,-25.379999999998724
2019-02-12,173.76000000000045
2019-02-13,-23.74000000000007
2019-02-14,8.420000000000101
2019-02-15,207.76000000000136
2019-02-19,16.97499999999657
2019-02-20,-35.50500000000146
2019-02-21,-37.98000000000091
2019-02-22,-16.239999999999547
2019-02-25,-22.215000000000362
2019-02-26,55.760000000000915
2019-02-27,67.46500000000019
2019-02-28,46.55500000000025
2019-03-01,-115.32499999999908
2019-03-04,924.990000000004
2019-03-05,-22.36499999999972
2019-03-07,21.5199999999981
2019-03-08,16.654999999998026
2019-03-11,-24.23999999999909
2019-03-15,-40.7199999999991
2019-03-19,-59.87999999999963
2019-03-25,-46.55249999999975
2019-03-26,-119.12999999999872
2019-03-28,70.28
2019-03-29,176.70499999999416
2019-04-01,32.28000000000273
2019-04-02,-60.39000000000027
2019-04-03,40.52000000000046
2019-04-04,392.79499999999587
2019-04-05,161.76
2019-04-08,-157.0999999999969
2019-04-09,296.3099999999982
2019-04-12,0.7600000000009094
2019-04-15,242.2799999999959
2019-04-16,109.5199999999991
2019-04-17,-24.689999999999817
2019-04-23,-55.08000000000127
2019-04-25,-91.25999999999699
2019-04-29,-17.66749999999898
2019-04-30,-17.612500000000978
2019-05-01,83.77999999999972
2019-05-02,191.96000000000032
2019-05-06,151.76
2019-05-07,-21.480000000000004
2019-05-08,56.26
2019-05-09,-89.48500000000136
2019-05-13,170.6000000000024
2019-05-16,91.36000000000334
2019-05-17,-6.719999999999015
2019-05-30,55.040000000001825
2019-05-31,-631.8099999999971
2019-06-03,-607.7799999999986
2019-06-04,-299.539999999997
2019-06-05,793.409999999999
2019-06-06,-202.9600000000018
2019-06-07,55.19000000000056
2019-06-10,-11.905000000000182
2019-06-11,239.7600000000018
2019-06-12,345.51999999999816
2019-06-13,-292.72000000000025
2019-06-14,127.0350000000004
2019-06-17,3.8949999999991007
2019-06-18,61.260000000000005
2019-06-19,66.76
2019-06-20,285.59000000000367
2019-06-21,-67.0450000000003
2019-06-24,-368.03999999999894
2019-06-25,912.7600000000002
2019-06-26,6.519999999999548
2019-06-27,-42.84500000000023
2019-06-28,-14.677500000000318
2019-07-01,108.71500000000233
2019-07-02,1.0699999999988279
2019-07-03,-57.01500000000054
2019-07-05,-36.42750000000026
2019-07-08,263.75999999999954
2019-07-16,296.2600000000002
2019-07-18,181.26
2019-07-19,-242.912499999997
2019-07-23,-69.61500000000045
2019-07-26,-79.5899999999999
2019-07-30,-73.819999999999
2019-07-31,-105.56999999999918
2019-08-01,483.33500000000043
2019-08-02,121.66499999999755
2019-08-05,900.0699999999996
2019-08-06,947.0400000000045
2019-08-07,-23.87499999999579
2019-08-08,-25.134999999999728
2019-08-09,-33.49499999999828
2019-08-12,948.300000000005
2019-08-13,392.00499999999334
2019-08-14,-60.42999999999754
2019-08-15,-40.96500000000036
2019-08-16,172.51999999999862
2019-08-19,-48.239999999999995
2019-08-21,-20.854999999997723
2019-08-23,473.00499999999926
2019-08-26,-220.12500000000153
2019-08-27,-16.62000000000053
2019-08-28,-40.14000000000054
2019-08-29,30.489999999999966
2019-08-30,-0.024999999998829736
2019-09-02,193.75999999999928
2019-09-03,79.690000000001
2019-09-04,-97.9349999999978
2019-09-05,110.2350000000043
2019-09-06,156.5199999999974
2019-09-09,-66.02999999999926
2019-09-10,-83.07999999999906
2019-09-12,-62.34000000000081
2019-09-13,-38.30250000000033
2019-09-16,-49.97999999999908
2019-09-17,-41.239999999999995
2019-09-19,-92.98000000000101
2019-09-20,18.760000000002133
2019-09-25,-174.32999999999853
2019-09-26,187.39500000000044
2019-09-27,-133.42499999999853
2019-09-30,22.579999999995735
2019-10-01,196.2800000000014
2019-10-02,352.6349999999998
2019-10-03,9.30500000000265
2019-10-04,-49.47999999999954
2019-10-07,54.760000000001824
2019-10-08,-107.65500000000063
2019-10-09,6.76
2019-10-10,224.2800000000009
2019-10-11,34.154999999998196
2019-10-14,-45.239999999998176
2019-10-15,-136.8449999999986
2019-10-16,42.76000000000364
2019-10-17,-22.239999999998634
2019-10-21,-99.92000000000208
2019-10-22,5.760000000000909
2019-10-25,1393.2799999999975
2019-10-28,-74.11500000000079
2019-10-29,-27.490000000000002
2019-10-30,340.2800000000028
2019-10-31,-38.72000000000091
2019-11-01,10.76000000000091
2019-11-04,-4.2400000000013645
2019-11-05,798.1899999999944
2019-11-07,-32.41500000000018
2019-11-08,62.15500000000088
2019-11-11,-213.26500000000038
2019-11-12,-91.44500000000193
2019-11-13,96.51999999999956
2019-11-14,78.78000000000205
2019-11-18,-35.30499999999936
2019-11-19,-33.98
2019-11-20,152.51999999999865
2019-11-25,10.76000000000091
2019-11-27,-15.540000000001541
2019-11-28,-40.80000000000153
2019-11-29,-161.17000000000036
2019-12-02,-51.900000000001526
2019-12-03,-191.2699999999928
2019-12-04,197.4249999999978
2019-12-05,-18.765000000000093
2019-12-06,88.02499999999704
2019-12-09,2.7599999999990903
2019-12-10,-21.47
2019-12-11,233.2800000000041
2019-12-12,1266.1550000000143
2019-12-13,41.55499999999828
2019-12-18,68.76000000000107
2019-12-19,243.27999999999955
2019-12-20,229.75999999999954
2019-12-23,872.8000000000002
2019-12-24,151.55499999999944
2019-12-26,-33.225000000001295
2019-12-30,139.41500000000184
2019-12-31,196.83999999999563
2020-01-02,-41.930000000000724
2020-01-03,76.42499999999713
2020-01-06,432.0799999999975
2020-01-07,-1147.7699999999982
2020-01-08,-98.66000000000163
2020-01-09,39.75999999999955
2020-01-13,28.760000000000456
2020-01-15,92.51999999999637
2020-01-17,8.75999999999818
2020-01-21,67.51999999999865
2020-01-22,183.52000000000226
2020-01-23,244.53000000000128
2020-01-27,29.980000000002555
2020-01-28,2131.0400000000004
2020-01-30,-174.11000000000115
2020-01-31,2423.7750000000033
2020-02-03,2416.2350000000015
2020-02-04,2992.175
2020-02-05,2701.040000000001
2020-02-06,-84.75999999999836
2020-02-07,-109.90000000000117
2020-02-10,-40.82000000000127
2020-02-11,2503.3399999999965
2020-02-12,250.52000000000044
2020-02-14,81.5350000000031
2020-02-17,142.55499999999964
2020-02-18,347.5500000000001
2020-02-19,728.52
2020-02-20,876.3249999999982
2020-02-21,226.09000000000546
2020-02-24,1472.6299999999978
2020-02-25,15.76000000000091
2020-02-26,133.75999999999817
2020-02-27,2917.039999999998
2020-03-02,3621.840000000001
2020-03-03,2848.0599999999968
2020-03-04,-5.240000000000455
2020-03-05,2338.0399999999977
2020-03-06,2459.1200000000026
2020-03-09,375.33750000000373
2020-03-10,893.9599999999965
2020-03-11,1311.0399999999986
2020-03-12,-455.59500000000173
2020-03-13,1452.3250000000019
2020-03-16,1229.747500000002
2020-03-17,202.14000000000107
2020-03-18,13.774999999999594
2020-03-19,-444.43499999999875
2020-03-23,2143.955000000001
2020-03-24,718.4449999999995
2020-03-25,-187.83500000000186
2020-03-26,-198.42750000000018
2020-03-30,-112.8649999999994
2020-03-31,-89.73749999999977
2020-04-01,668.5850000000013
2020-04-02,-236.80500000000362
2020-04-03,748.5599999999972
2020-04-06,-215.0699999999996
2020-04-07,-89.28000000000199
2020-04-08,-50.47999999999863
2020-04-09,-210.93000000000268
2020-04-13,-72.16500000000154
2020-04-14,1664.1000000000008
2020-04-15,-199.755000000001
2020-04-16,976.2800000000013
2020-04-17,44.75999999999955
2020-04-20,96.76
2020-04-21,730.3199999999995
2020-04-22,383.5800000000038
2020-04-23,-77.03999999999881
2020-04-27,317.76000000000136
2020-04-28,774.78
2020-04-29,46.77000000000018
2020-04-30,-165.5199999999947
2020-05-01,-62.77000000000094
2020-05-04,3.759999999999787
2020-05-06,37.51999999999982
2020-05-07,753.1749999999996
2020-05-08,-99.5950000000018
2020-05-11,678.7599999999987
2020-05-12,95.52000000000046
2020-05-13,-122.15499999999881
2020-05-14,245.28
2020-05-15,440.89000000000266
2020-05-19,824.0200000000012
2020-05-20,666.0550000000037
2020-05-21,519.3325000000008
2020-05-22,772.7599999999998
2020-05-25,26.76
2020-05-27,-357.60000000000036
2020-05-28,-97.83500000000181
2020-05-29,-145.0099999999963
2020-06-01,-160.83749999999992
2020-06-02,-85.07499999999817
2020-06-03,-380.4049999999967
2020-06-04,-93.27000000000017
2020-06-05,-342.87500000000284
2020-06-08,445.2799999999977
2020-06-09,-21.610000000000532
2020-06-10,-40.0649999999989
2020-06-11,274.03500000000014
2020-06-12,-6.2399999999995455
2020-06-15,126.54500000000236
2020-06-19,337.55
2020-06-22,-222.87500000000017
2020-06-23,-75.47000000000044
2020-06-24,-86.02000000000109
2020-06-25,-44.71500000000036
2020-06-29,-176.7599999999988
2020-07-01,-144.60750000000175
2020-07-02,381.5200000000018
2020-07-06,-73.04249999999962
2020-07-07,207.63999999999606
2020-07-08,481.77999999999986
2020-07-09,-34.54250000000054
2020-07-10,-131.23999999999955
2020-07-13,248.7600000000008
2020-07-15,21.25999999999986
2020-07-16,-125.5449999999998
2020-07-20,588.7600000000007
2020-07-21,-52.73
2020-07-22,1702.574999999996
2020-07-23,-87.91499999999972
2020-07-28,754.5249999999994
2020-07-30,-722.9875000000025
2020-07-31,403.4750000000032
2020-08-03,-87.03499999999799
2020-08-04,1236.7150000000036
2020-08-05,-381.32499999999925
2020-08-06,-154.98500000000325
2020-08-07,54.92499999999728
2020-08-10,740.6550000000013
2020-08-11,-665.3700000000026
2020-08-12,-175.95999999999725
2020-08-13,56.280000000000655
2020-08-14,24.76999999999873
2020-08-17,-382.3899999999986
2020-08-18,-319.5799999999995
2020-08-19,418.2149999999983
2020-08-20,218.51999999999998
2020-08-21,50.760000000000915
2020-08-24,-53.239999999999995
2020-08-25,-103.50500000000099
2020-08-26,607.0200000000007
2020-08-28,-67.99999999999578
2020-08-31,-71.87999999999963
2020-09-01,-106.82999999999853
2020-09-02,606.5400000000002
2020-09-03,-104.42999999999844
2020-09-04,-51.75499999999992
2020-09-08,1961.469999999993
2020-09-09,-65.97999999999817
2020-09-10,-155.88000000000054
2020-09-11,-23.74000000000007
2020-09-15,3.76
2020-09-16,-86.97999999999726
2020-09-18,-60.479999999998626
2020-09-21,1060.0749999999973
2020-09-23,501.88000000000045
2020-09-24,613.5399999999994
2020-09-25,421.5200000000018
2020-09-29,-49.959999999996214
2020-09-30,-105.38499999999834
2020-10-01,77.01499999999638
2020-10-02,33.279999999999546
2020-10-05,46.17999999999919
2020-10-06,419.9399999999996
2020-10-07,419.6774999999963
2020-10-08,249.03000000000225
2020-10-09,-191.24499999999998
2020-10-13,-91.59000000000036
2020-10-14,22.76000000000364
2020-10-19,79.5199999999991
2020-10-21,-76.66499999999972
2020-10-22,-66.7949999999998
2020-10-23,-107.34500000000045
2020-10-26,818.2799999999972
2020-10-27,-140.48999999999975
2020-10-29,1873.2800000000007
2020-10-30,541.76
2020-11-02,54.75999999999955
2020-11-04,633.9674999999997
2020-11-05,-264.55499999999654
2020-11-06,-275.42999999999915
2020-11-09,6.369999999998541
2020-11-11,-262.9275
2020-11-12,-3.2099999999963487
2020-11-13,-84.47999999999726
2020-11-16,-5.240000000000455
2020-11-19,-76.96499999999945
2020-11-20,-122.2400000000009
2020-11-23,855.0399999999995
2020-11-24,-21.96000000000089
2020-11-26,-125.21499999999818
2020-11-27,-327.3299999999975
2020-11-30,176.09000000000094
2020-12-01,85.62999999999867
2020-12-02,-215.25500000000272
2020-12-03,451.6549999999994
2020-12-04,-158.9350000000004
2020-12-07,597.625
2020-12-08,247.57499999999683
2020-12-09,-39.38749999999814
2020-12-10,-85.09499999999909
2020-12-11,429.32499999999874
2020-12-14,133.15999999999852
2020-12-15,1163.2799999999988
2020-12-16,1549.8000000000004
2020-12-17,1229.3800000000003
2020-12-18,624.7600000000001
2020-12-21,878.5199999999993
2020-12-22,-33.31499999999936
2020-12-23,58.76000000000046
2020-12-28,69.66499999999928
2020-12-30,93.76000000000046
2020-12-31,-67.45500000000081
2021-01-04,-680.6249999999976
2021-01-05,842.8800000000015
2021-01-06,1170.5199999999998
2021-01-07,879.4549999999972
2021-01-08,749.3499999999976
2021-01-11,909.0949999999996
2021-01-12,-164.8650000000007
2021-01-13,963.7600000000001
2021-01-15,755.8500000000008
2021-01-20,-89.78999999999972
2021-01-22,10.394999999997736
2021-01-25,94.75999999999955
2021-01-26,-296.7299999999991
2021-01-28,171.6900000000004
2021-01-29,1025.6350000000034
2021-02-01,-140.51000000000107
2021-02-02,-249.28999999999263
2021-02-03,994.7400000000009
2021-02-04,380.34999999999854
2021-02-05,1912.5600000000009
2021-02-08,634.9450000000029
2021-02-09,811.6300000000001
2021-02-10,872.7750000000017
2021-02-11,768.0200000000002
2021-02-12,-150.56999999999806
2021-02-15,549.7599999999994
2021-02-16,523.8699999999997
2021-02-17,-78.97999999999999
2021-02-18,418.97999999999774
2021-02-19,506.0400000000023
2021-02-22,-100.88000000000054
2021-02-23,563.6300000000002
2021-02-24,66.76
2021-02-25,118.58499999999864
2021-02-26,680.0700000000012
2021-03-01,-146.58500000000134
2021-03-02,443.2799999999995
2021-03-03,-273.50999999999965
2021-03-04,227.52000000000018
2021-03-05,-108.1224999999991
2021-03-08,-335.69999999999305
2021-03-09,-28.960000000002232
2021-03-10,25.76000000000091
2021-03-11,-39.87999999999917
2021-03-12,-104.00750000000137
2021-03-15,-7.480000000001365
2021-03-16,-44.480000000000004
2021-03-17,17.520000000003186
2021-03-18,-83.11499999999936
2021-03-19,-144.4049999999979
2021-03-22,175.02
2021-03-24,38.759999999998186
2021-03-26,285.53000000000156
2021-03-29,278.75999999999834
2021-03-30,100.26499999999658
2021-03-31,24.284999999997275
2021-04-01,22.645000000001595
2021-04-05,-50.25500000000054
2021-04-06,-7.135000000001261
2021-04-07,251.40499999999776
2021-04-08,157.3299999999996
2021-04-09,-87.91000000000345
2021-04-12,-88.36499999999955
2021-04-15,-17.13500000000016
2021-04-16,79.39999999999948
2021-04-19,107.7599999999991
2021-04-21,-242.04749999999828
2021-04-23,-69.33000000000276
2021-04-26,0.7599999999963619
2021-04-27,1.26
2021-04-29,112.69499999999772
2021-04-30,-73.91749999999848
2021-05-03,-110.28000000000108
2021-05-04,-51.92000000000136
2021-05-06,342.9950000000003
2021-05-07,44.760000000001824
2021-05-10,-312.19000000000773
2021-05-11,-176.37000000000188
2021-05-12,-87.01500000000054
2021-05-14,304.52000000000135
2021-05-17,-100.74000000000002
2021-05-18,555.3900000000026
2021-05-19,-58.22000000000136
2021-05-20,-58.72999999999918
2021-05-27,-45.320000000001734
2021-05-28,12.705000000000645
2021-05-31,-25.514999999996178
2021-06-01,249.54499999999857
2021-06-02,-73.6050000000009
2021-06-03,-67.78999999999569
2021-06-04,-72.92999999999981
2021-06-07,-33.01499999999963
2021-06-08,-220.04249999999809
2021-06-10,-67.63000000000008
2021-06-11,53.869999999998555
2021-06-14,734.5600000000031
2021-06-15,627.7799999999995
2021-06-17,-721.8300000000007
2021-06-18,25.76000000000091
2021-06-23,157.76000000000136
2021-06-29,254.89000000000314
2021-06-30,-44.622500000004194
2021-07-01,-117.3449999999992
2021-07-02,-655.0750000000011
2021-07-05,140.7600000000009
2021-07-06,-1217.5249999999955
2021-07-07,17.75999999999909
2021-07-08,-38.239999999999995
2021-07-12,-31.932500000001063
2021-07-13,123.52000000000075
2021-07-14,15.76000000000091
2021-07-15,88.52000000000211
2021-07-16,-108.78500000000207
2021-07-21,124.32999999999973
2021-07-23,15.520000000000001
2021-07-26,21.76
2021-07-27,-13.740000000000002
2021-07-29,27.280000000000456
2021-07-30,43.00499999999819
2021-08-02,462.09999999999593
2021-08-03,-30.155000000000634
2021-08-04,857.8474999999835
2021-08-05,775.1999999999989
2021-08-06,-362.3349999999976
2021-08-09,-1.0600000000017076
2021-08-10,342.7650000000044
2021-08-11,334.2800000000009
2021-08-12,405.52000000000044
2021-08-13,-280.5775
2021-08-16,-201.8399999999978
2021-08-17,-16.80500000000027
2021-08-18,-65.35500000000044
2021-08-19,55.579999999998996
2021-08-20,8.645000000000465
2021-08-23,54.14500000000139
2021-08-24,171.25999999999954
2021-08-25,-113.27999999999835
2021-08-30,230.9450000000011
2021-08-31,-68.85749999999967
2021-09-01,34.449999999996415
2021-09-02,68.78000000000273
2021-09-03,33.38500000000117
2021-09-07,187.0600000000041
2021-09-08,-78.24
2021-09-09,120.76000000000091
2021-09-13,83.76000000000046
2021-09-14,-81.78000000000199
2021-09-16,-517.9150000000019
2021-09-17,21.25999999999986
2021-09-21,469.0199999999991
2021-09-27,9.269999999999783
2021-09-28,162.54000000000266
2021-09-29,71.64000000000036
2021-09-30,103.66999999999885
2021-10-01,-137.97000000000043
2021-10-04,-185.58499999999816
2021-10-05,-158.65999999999934
2021-10-06,-17.239999999998638
2021-10-07,197.51999999999862
2021-10-08,897.5250000000044
2021-10-11,-34.03500000000072
2021-10-12,-50.15999999999799
2021-10-13,226.17999999999878
2021-10-14,932.6699999999955
2021-10-15,-111.23500000000325
2021-10-19,-136.10499999999863
2021-10-20,-1399.4799999999984
2021-10-21,-1551.4800000000023
2021-10-22,65.27500000000036
2021-10-25,-205.97
2021-10-27,-1117.2399999999986
2021-10-28,57.14000000000218
2021-10-29,65.6750000000012
2021-11-01,104.28000000000092
2021-11-02,536.7899999999986
2021-11-03,990.3299999999915
2021-11-04,49.52000000000137
2021-11-05,224.75999999999954
2021-11-08,-59.71500000000144
2021-11-10,-246.61499999999742
2021-11-11,-8.24
2021-11-12,564.2799999999979
2021-11-15,-52.665000000001086
2021-11-23,21.379999999998176
2021-11-24,-0.7199999999990805
2021-11-25,52.759999999999096
2021-11-29,19.977499999998685
2021-11-30,360.98000000000195
2021-12-01,-1225.7199999999968
2021-12-02,-1985.9999999999998
2021-12-03,-79.72249999999835
2021-12-07,-49.46000000000318
2021-12-08,96.5899999999994
2021-12-09,206.30000000000243
2021-12-10,44.519999999999094
2021-12-13,-3.480000000000455
2021-12-14,-174.77499999999532
2021-12-15,406.71499999999946
2021-12-16,77.52000000000092
2021-12-17,159.38999999999876
2021-12-22,44.760000000001824
2021-12-23,-33.239999999999995
2021-12-28,-2.1550000000010883
2021-12-29,-85.68000000000072
2021-12-30,173.27999999999957
2021-12-31,183.03999999999908
2022-01-03,-125.82000000000126
2022-01-04,-53.714999999998994
2022-01-06,5.760000000000909
2022-01-07,-47.679999999998905
2022-01-11,362.2800000000004
2022-01-14,-37.21500000000036
2022-01-18,-114.80249999999967
2022-01-20,280.96999999999804
2022-01-21,343.63999999999874
2022-01-24,676.2799999999984
2022-01-25,753.6499999999987
2022-01-27,2243.7599999999998
2022-01-28,-303.64500000000083
2022-01-31,-267.9650000000038
2022-02-01,2337.360000000001
2022-02-02,2029.8149999999994
2022-02-03,79.46000000000033
2022-02-04,1892.779999999999
2022-02-07,1973.5350000000008
2022-02-08,-47.265000000000256
2022-02-09,-213.2150000000028
2022-02-10,-88.15500000000017
2022-02-11,204.5199999999991
2022-02-14,1301.5100000000032
2022-02-15,1731.280000000001
2022-02-17,-250.6399999999989
2022-02-18,-43.73999999999965
2022-02-23,-54.93000000000254
2022-02-24,178.32999999999834
2022-02-25,-45.5500000000016
2022-02-28,54.56499999999931
2022-03-01,1134.2799999999975
2022-03-02,-139.4350000000006
2022-03-04,128.76000000000155
2022-03-07,123.67000000000112
2022-03-08,295.78999999999826
2022-03-09,-19.44500000000308
2022-03-10,41.04499999999828
2022-03-11,521.2599999999999
2022-03-14,238.53000000000085
2022-03-15,-2.2549999999991854
2022-03-16,79.75999999999955
2022-03-17,-312.99749999999534
2022-03-24,-185.4700000000027
2022-03-28,403.7600000000001
2022-03-29,-111.23999999999954
2022-03-30,-338.7000000000002
2022-03-31,66.7100000000001
2022-04-01,-197.03000000000083
2022-04-04,-93.20500000000126
2022-04-05,97.84999999999745
2022-04-07,-102.19499999999944
2022-04-08,-153.9749999999969
2022-04-11,381.695
2022-04-12,0.005000000000833893
2022-04-13,-120.18000000000117
2022-04-14,-25.719999999999075
2022-04-18,-125.73000000000181
2022-04-19,5.520000000002728
2022-04-20,302.2800000000004
2022-04-21,1057.114999999997
2022-04-22,1911.8000000000013
2022-04-25,-191.69999999999607
2022-04-26,89.75999999999955
2022-04-27,-23.24
2022-04-28,10.655000000000125
2022-04-29,372.0499999999961
2022-05-02,1459.8900000000103
2022-05-03,125.00999999999999
2022-05-04,-39.48000000000102
2022-05-05,-99.05249999999907
2022-05-09,390.0400000000024
2022-05-11,55.08250000000132
2022-05-12,-40.03000000000017
2022-05-13,1270.7900000000022
2022-05-17,-66.99
2022-05-18,-73.36500000000076
2022-05-19,-21.240000000000567
2022-05-20,-41.01999999999882
2022-05-24,-143.02999999999972
2022-05-27,-86.82000000000036
2022-05-30,70.45999999999852
2022-05-31,19.21000000000238
2022-06-01,146.0400000000009
2022-06-02,246.3000000000035
2022-06-03,45.790000000000006
2022-06-06,-76.38000000000008
2022-06-07,-30.670000000000258
2022-06-08,-177.6074999999998
2022-06-09,-104.77000000000108
2022-06-10,-189.53499999999798
2022-06-13,63.205000000000176
2022-06-14,175.69999999999783
2022-06-16,274.4550000000024
2022-06-24,161.4300000000001
2022-06-29,326.0399999999983
2022-06-30,12.75999999999909
2022-07-01,1255.5199999999982
2022-07-05,1207.280000000005
2022-07-06,-723.7524999999988
2022-07-07,203.10500000000025
2022-07-08,447.08999999999935
2022-07-12,130.7600000000009
2022-07-13,96.94999999999719
2022-07-14,-100.65750000000116
2022-07-15,103.75999999999944
2022-07-18,92.76000000000137
2022-07-19,-65.22999999999999
2022-07-22,-81.51000000000244
2022-07-25,735.7600000000001
2022-07-26,297.51
2022-07-27,738.7599999999992
2022-07-28,-53.719999999998635
2022-07-29,71.14499999999711
2022-08-01,10.264999999997633
2022-08-02,308.0450000000022
2022-08-03,846.4549999999927
2022-08-04,-10.869999999997695
2022-08-05,529.5199999999993
2022-08-08,30.759999999996364
2022-08-09,-38.719999999998635
2022-08-10,60.75999999999864
2022-08-11,75.52000000000001
2022-08-12,-41.33999999999945
2022-08-15,231.76
2022-08-16,890.2800000000005
2022-08-17,1074.3600000000006
2022-08-18,-33.529999999998076
2022-08-19,-3.5550000000020816
2022-08-22,781.0600000000027
2022-08-23,222.03999999999613
2022-08-24,-58.28999999999881
2022-08-26,32.48000000000255
2022-08-30,314.79999999999836
2022-08-31,119.69500000000181
2022-09-01,181.16000000000054
2022-09-02,-178.24499999999938
2022-09-07,6.280000000001364
2022-09-08,-118.15500000000148
2022-09-09,585.2799999999993
2022-09-13,-56.11500000000136
2022-09-14,20.76000000000091
2022-09-15,-105.86500000000153
2022-09-16,-362.0149999999978
2022-09-19,0.7600000000009094
2022-09-20,-177.48999999999998
2022-09-21,-81.54249999999935
2022-09-22,33.76000000000092
2022-09-26,118.76
2022-09-27,251.59999999999974
2022-09-29,-158.60000000000235
2022-09-30,948.9149999999966
2022-10-03,1008.5149999999992
2022-10-04,950.1299999999968
2022-10-05,29.895000000000152
2022-10-06,-18.480000000000445
2022-10-07,552.7599999999991
2022-10-10,785.2799999999985
2022-10-12,55.02000000000257
2022-10-13,-346.89000000000226
2022-10-14,-258.8974999999995
2022-10-18,-172.3049999999994
2022-10-20,332.6400000000013
2022-10-25,123.76000000000256
2022-10-26,21.25999999999986
2022-11-01,-70.22000000000227
2022-11-04,986.2800000000013
2022-11-07,573.7600000000004
2022-11-08,564.9075000000012
2022-11-09,-469.6800000000004
2022-11-10,-308.10000000000053
2022-11-11,-421.22499999999826
2022-11-14,92.27999999999818
2022-11-15,684.2800000000009
2022-11-16,-83.93999999999936
2022-11-17,6.76
2022-11-18,121.52000000000183
2022-11-22,-98.86499999999995
2022-11-23,-0.24000000000045485
2022-11-24,-32.62999999999781
2022-11-28,102.76000000000137
2022-11-29,138.8200000000042
2022-11-30,-40.24500000000236
2022-12-01,-416.6050000000028
2022-12-02,-5.48000000000091
2022-12-05,377.57000000000085
2022-12-07,48.35249999999886
2022-12-08,-586.9600000000027
2022-12-09,-897.7149999999995
2022-12-12,-1020.385
2022-12-13,341.9899999999973
2022-12-15,-354.29750000000234
2022-12-16,-2.2400000000009097
2022-12-19,18.760000000002726
2022-12-20,19.379999999996272
2022-12-21,-66.9174999999967
2022-12-22,7.470000000002102
2022-12-23,270.51999999999816
2022-12-27,-73.97999999999999
2022-12-29,-89.10999999999781
2023-01-04,-247.0349999999957
2023-01-06,-340.4700000000004
2023-01-09,-134.65000000000026
2023-01-10,-293.96999999999724
2023-01-11,-123.2399999999991
2023-01-12,-368.36999999999784
2023-01-13,168.76000000000045
2023-01-20,171.76
2023-01-23,-168.2400000000008
2023-01-25,43.759999999997156
2023-01-26,-196.56999999999945
2023-01-30,-144.42500000000217
2023-01-31,194.28999999999706
2023-02-01,-58.20999999999864
2023-02-02,968.4399999999978
2023-02-03,248.42999999999796
2023-02-06,-32.5700000000008
2023-02-07,-27.594999999999075
2023-02-08,37.759999999999096
2023-02-09,-92.43000000000026
2023-02-10,89.75999999999955
2023-02-13,-107.3550000000009
2023-02-14,242.93000000000097
2023-02-15,-141.62999999999872
2023-02-16,45.75999999999864
2023-02-17,-117.010000000002
2023-02-21,27.759999999999092
2023-02-22,36.760000000000005
2023-02-23,229.5199999999991
2023-02-27,-98.04999999999805
2023-02-28,362.2799999999994
2023-03-01,-194.39000000000132
2023-03-02,-46.364999999999995
2023-03-03,-59.11500000000023
2023-03-06,-120.24000000000045
2023-03-07,-223.35499999999868
2023-03-10,1090.8500000000038
2023-03-13,-183.5999999999966
2023-03-14,-25.23999999999818
2023-03-17,-271.8450000000009
2023-03-20,-419.6000000000037
2023-03-21,-60.27999999999926
2023-03-23,-376.8200000000004
2023-03-27,-127.23999999999863
2023-03-28,897.5200000000001
2023-03-30,-220.9350000000069
2023-03-31,-137.0099999999997
2023-04-03,-26.48
2023-04-04,470.4699999999972
2023-04-05,48.264999999999446
2023-04-06,209.51999999999907
2023-04-10,181.06500000000176
2023-04-11,685.2800000000022
2023-04-12,-100.92750000000092
2023-04-13,612.4199999999998
2023-04-14,290.0399999999973
2023-04-17,-105.1200000000019
2023-04-19,-56.41499999999881
2023-04-21,-117.71999999999726
2023-04-24,20.76000000000091
2023-04-25,-97.35499999999901
2023-04-26,-126.23999999999921
2023-04-27,-109.58499999999879
2023-04-28,-74.4174999999991
2023-05-01,-251.69999999999953
2023-05-02,97.02000000000092
2023-05-03,31.76
2023-05-04,-16.24000000000182
2023-05-05,-170.31749999999903
2023-05-09,60.52000000000274
2023-05-11,1902.2800000000002
2023-05-15,-1.2399999999992184
2023-05-17,93.75999999999965
2023-05-18,31.259999999999643
2023-05-24,11.260000000000073
2023-05-29,-40.58499999999808
2023-05-30,250.5750000000013
2023-05-31,-4.204999999999373
2023-06-01,130.94500000000045
2023-06-02,-100.11250000000099
2023-06-05,373.7400000000007
2023-06-06,-2.239999999998636
2023-06-07,282.06500000000057
2023-06-08,-33.69000000000072
2023-06-09,-5.804999999998898
2023-06-12,-37.66499999999881
2023-06-13,97.4949999999999
2023-06-14,15.76000000000091
2023-06-15,-84.61500000000045
2023-06-20,378.5199999999977
2023-06-21,-83.26500000000054
2023-06-22,78.58000000000156
2023-06-27,22.759999999999092
2023-06-28,-123.4275
2023-06-29,522.3200000000027
2023-06-30,-39.42750000000037
2023-07-03,-81.9575000000015
2023-07-05,-57.989999999999085
2023-07-07,-51.70999999999771
2023-07-10,91.76
2023-07-11,-36.679999999999815
2023-07-12,-223.46999999999653
2023-07-13,78.52499999999797
2023-07-14,9.759999999999545
2023-07-17,-43.964999999999904
2023-07-18,-50.114999999999995
2023-07-19,188.51500000000036
2023-07-25,-63.969999999999985
2023-07-28,91.13999999999854
2023-07-31,523.7199999999964
2023-08-01,1433.2499999999982
2023-08-02,26.765000000000832
2023-08-03,-37.665000000001086
2023-08-04,-163.45999999999952
2023-08-07,1040.5199999999984
2023-08-08,18.10500000000028
2023-08-09,594.5600000000031
2023-08-10,609.279999999998
2023-08-11,99.53000000000182
2023-08-14,-300.2475000000028
2023-08-16,211.52000000000183
2023-08-17,-120.87000000000236
2023-08-18,130.91500000000133
2023-08-23,293.52
2023-08-24,816.2599999999998
2023-08-25,393.76000000000033
2023-08-28,-46.23999999999954
2023-08-30,15.325000000004943
2023-08-31,6.76
2023-09-01,-97.6799999999989
2023-09-06,53.760000000000495
2023-09-07,3.759999999998181
2023-09-11,1.379999999999834
2023-09-13,-476.56999999999744
2023-09-15,-626.6724999999991
2023-09-18,-961.4799999999998
2023-09-19,-1267.2299999999996
2023-09-25,-11.24000000000078
2023-09-28,-1751.2349999999976
2023-09-29,791.8000000000013
2023-10-02,-264.2624999999972
2023-10-03,-352.98000000000195
2023-10-05,234.4399999999972
2023-10-06,803.52
2023-10-09,255.52000000000044
2023-10-10,353.104999999998
2023-10-11,275.41500000000093
2023-10-12,-132.39499999999927
2023-10-13,20.95999999999964
2023-10-16,-174.24500000000327
2023-10-17,430.8549999999989
2023-10-18,89.82500000000417
2023-10-19,100.57999999999745
2023-10-20,267.54499999999825
2023-10-25,48.76000000000046
2023-10-26,-23.24
2023-10-30,-90.9900000000009
2023-10-31,90.00999999999999
2023-11-01,202.18000000000055
2023-11-07,148.76000000000045
2023-11-08,-115.6700000000027
2023-11-10,-191.1099999999976
2023-11-13,1701.2399999999989
2023-11-15,-33.239999999999995
2023-11-17,298.8800000000007
2023-11-20,-7.5049999999996295
2023-11-21,22.43999999999511
2023-11-22,9.759999999999545
2023-11-23,-61.515000000000995
2023-11-27,206.76
2023-11-28,-37.96
2023-11-29,-201.90999999999863
2023-11-30,-169.40500000000128
2023-12-01,1300.6100000000029
2023-12-04,532.2849999999992
2023-12-05,18.849999999999582
2023-12-06,-379.2250000000017
2023-12-07,-370.7200000000025
2023-12-08,-518.2699999999986
2023-12-11,-72.01999999999914
2023-12-12,334.9949999999999
2023-12-13,-893.2400000000007
2023-12-14,460.02000000000015
2023-12-15,-473.0149999999984
2023-12-19,310.1049999999984
2023-12-20,-26.239999999999544
2023-12-22,254.05500000000052
2023-12-26,0.7599999999963619
2023-12-28,-176.11999999999873
2023-12-29,289.75999999999954
2024-01-02,378.7600000000027
2024-01-03,495.28
2024-01-08,357.2800000000027
2024-01-09,37.76000000000137
2024-01-11,-99.47999999999954
2024-01-12,180.49000000000194
2024-01-15,-22.240000000000908
2024-01-17,138.87999999999866
2024-01-18,82.5200000000032
2024-01-30,-27.459999999998615
2024-01-31,147.61499999999904
2024-02-01,440.7849999999981
2024-02-02,-440.6249999999999
2024-02-05,1154.5600000000009
2024-02-06,14.205000000002663
2024-02-07,-5.129999999997807
2024-02-08,58.7599999999995
2024-02-09,172.51999999999862
2024-02-12,-100.67000000000255
2024-02-13,-291.2999999999976
2024-02-14,379.65999999999855
2024-02-15,-108.59250000000145
2024-02-16,228.52
2024-02-22,-37.5299999999979
2024-02-23,-122.370000000001
2024-02-28,-64.48499999999927
2024-02-29,707.6624999999946
2024-03-01,-419.8574999999995
2024-03-04,968.2799999999972
2024-03-05,421.24999999999955
2024-03-06,784.5200000000023
2024-03-07,-73.58999999999854
2024-03-08,211.9999999999971
2024-03-11,-6.480000000004548
2024-03-12,-93.69000000000072
2024-03-13,228.27999999999457
2024-03-18,22.759999999994545
2024-03-19,72.51
2024-03-22,-138.29499999999825
2024-03-25,88.75999999999819
2024-03-26,-7.979999999999373
2024-03-27,116.04000000000092
2024-03-28,45.47000000000405
2024-04-01,206.21499999999565
2024-04-02,-49.73999999999969
2024-04-03,364.07500000000147
2024-04-04,-68.49500000000053
2024-04-05,271.14499999999254
2024-04-08,-4.304999999997989
2024-04-09,-145.00999999999124
2024-04-10,-161.41999999999615
2024-04-11,109.76000000000182
2024-04-12,1167.4599999999905
2024-04-15,-213.36999999999782
2024-04-17,-163.0450000000044
2024-04-18,592.7599999999991
2024-04-19,62.759999999999096
2024-04-22,-58.48000000000273
2024-04-23,6.354999999998114
2024-04-24,-18.240000000000002
2024-04-26,23.759999999998183
2024-04-29,-66.07999999999846
2024-04-30,-182.57000000000582
2024-05-01,-82.7050000000026
2024-05-02,-50.6775000000008
2024-05-03,-49.35999999999416
2024-05-06,915.7600000000009
2024-05-13,186.76
2024-05-15,529.280000000002
2024-05-17,-53.90499999999837
2024-05-20,1254.3800000000065
2024-05-21,616.4299999999971
2024-05-22,-176.11499999999933
2024-05-23,-566.2399999999996
2024-05-24,-636.2400000000013
2024-05-27,0.28000000000265324
2024-05-28,-207.98999999999876
2024-05-30,-3.7200000000009084
2024-05-31,564.7949999999956
2024-06-03,-106.96000000000348
2024-06-04,-484.1999999999986
2024-06-05,-1007.3850000000043
2024-06-06,698.8125000000053
2024-06-07,-77.71999999999726
2024-06-10,-48.470000000001185
2024-06-11,171.03000000000458
2024-06-12,7.520000000000911
2024-06-13,-162.63000000000235
2024-06-19,30.76000000000546
2024-06-21,38.759999999998186
2024-06-24,-22.23999999999636
2024-06-25,-92.81999999999944
2024-06-27,-66.77249999999933
2024-06-28,-91.69500000000218
2024-07-01,-82.44500000000036
2024-07-02,1580.4149999999906
2024-07-04,-184.54499999999615
2024-07-05,-129.63000000000054
2024-07-08,698.6449999999982
2024-07-09,-92.49000000000181
2024-07-11,-145.9249999999986
2024-07-12,-286.00499999999874
2024-07-15,-1044.3299999999906
2024-07-16,213.18500000001177
2024-07-17,1762.7150000000056
2024-07-22,103.75999999999944
2024-07-24,362.7599999999991
2024-07-25,-157.3650000000004
2024-07-30,243.7450000000011
2024-07-31,-496.084999999993
2024-08-01,624.9899999999951
2024-08-02,1467.5349999999983
2024-08-05,719.07
2024-08-06,14.680000000000561
2024-08-07,18.01999999999819
2024-08-08,631.5200000000018
2024-08-09,-407.88000000000886
2024-08-12,-675.9950000000026
2024-08-13,6.76
2024-08-14,-249.02000000000288
2024-08-15,684.5200000000082
2024-08-16,-252.80500000000163
2024-08-20,152.65750000000003
2024-08-21,226.76
2024-08-22,-68.04500000000435
2024-08-23,145.7600000000009
2024-08-26,-76.96499999999945
2024-08-27,-14.23999999999909
2024-08-29,-95.8825000000021
2024-08-30,224.32499999999487
2024-09-03,-237.34499999999983
2024-09-04,42.759999999999096
2024-09-05,-100.06500000000345
2024-09-09,402.7599999999991
2024-09-11,-0.5099999999933544
2024-09-12,654.5199999999991
2024-09-13,924.9649999999956
2024-09-17,426.26
2024-09-19,411.2600000000004
2024-09-20,937.9350000000018
2024-09-24,-586.2950000000001
2024-09-25,-184.58499999999907
2024-09-27,283.28000000000185
2024-09-30,91.09000000000201
2024-10-01,111.5549999999953
2024-10-03,-73.66500000000018
2024-10-04,-57.044999999994815
2024-10-07,-112.13999999999872
2024-10-08,-134.4624999999977
2024-10-09,-304.56749999999965
2024-10-10,-39.03000000000108
2024-10-11,2633.5399999999954
2024-10-17,527.5200000000054
2024-10-21,246.79999999999924
2024-10-22,-606.8049999999992
2024-10-23,76.76
2024-10-24,-168.09000000000128
2024-10-25,-28.24
2024-10-28,-38.74000000000242
2024-10-30,136.19000000000415
2024-10-31,858.7599999999982
2024-11-01,-19.239999999999092
2024-11-06,610.0200000000003
2024-11-07,-134.56500000000165
2024-11-11,-349.36000000000445
2024-11-12,-157.5700000000076
2024-11-13,-336.64500000000106
2024-11-18,960.7600000000009
2024-11-19,-129.0525000000002
2024-11-21,106.51999999999873
2024-11-22,-308.4299999999971
2024-11-25,-121.21500000000127
2024-11-26,-134.94000000000074
2024-11-27,-23.2200000000026
2024-11-28,-34.18499999999945
2024-11-29,-11.145000000003165
2024-12-02,131.0399999999994
2024-12-03,-137.61000000000325
2024-12-04,-86.38749999999267
2024-12-05,-124.4749999999987
2024-12-06,-68.7049999999997
2024-12-09,428.0400000000036
2024-12-10,645.8300000000029
2024-12-11,879.7250000000041
2024-12-12,477.2800000000027
2024-12-13,781.2600000000014
2024-12-16,1081.279999999999
2024-12-17,279.67999999999955
2024-12-18,2.759999999994543
2024-12-19,312.2300000000024
2024-12-20,-54.255000000001445
2024-12-24,8.75999999999818
2024-12-26,18.75999999999858
2024-12-27,-70.21500000000218
2024-12-30,75.52000000000729
2024-12-31,853.2849999999958
2025-01-02,536.2049999999997
2025-01-03,403.18500000000273
2025-01-06,-268.0624999999959
2025-01-07,296.51999999999725
2025-01-08,366.7174999999964
2025-01-09,-240.875000000002
2025-01-10,1284.4550000000058
2025-01-13,-18.240000000000002
2025-01-14,102.51999999999637
2025-01-15,411.39500000000004
2025-01-16,-888.2400000000009
2025-01-17,-612.8750000000002
2025-01-20,117.72000000000071
2025-01-21,222.6050000000007
2025-01-23,217.51999999999634
2025-01-24,386.58499999999964
2025-01-27,-188.24499999999964
2025-01-28,-218.73999999999998
2025-01-30,193.56000000000546
2025-01-31,-7.430000000005
2025-02-03,655.3949999999722
2025-02-04,-160.38499999999834
2025-02-05,80.70000000000404
2025-02-06,242.4799999999994
2025-02-07,688.0599999999885
2025-02-10,-104.4199999999956
2025-02-11,-50.71499999999945
2025-02-12,959.7850000000037
2025-02-13,45.279999999999994
2025-02-14,663.3624999999864
2025-02-18,24.744999999999465
2025-02-19,-188.96999999999724
2025-02-20,-81.47999999999999
2025-02-21,-27.240000000000908
2025-02-24,-107.94000000000254
2025-02-25,470.61500000000075
2025-02-26,0.7600000000009094
2025-02-27,-38.634999999991976
2025-02-28,-371.23499999999524
2025-03-03,301.02000000000197
2025-03-04,9.572500000008404
2025-03-05,60.760000000000915
2025-03-06,-85.88250000000109
2025-03-07,56.677500000006845
2025-03-11,808.7600000000012
2025-03-12,1041.3599999999992
2025-03-13,-279.3400000000034
2025-03-14,180.5950000000033
2025-03-18,42.03500000000554
2025-03-20,-14.23999999999909
2025-03-24,115.83999999999655
2025-03-25,587.5200000000009
2025-03-27,265.51999999999816
2025-03-28,-240.01499999999788
2025-03-31,758.9999999999987
2025-04-01,11.574999999997601
2025-04-02,-161.16000000000162
2025-04-03,569.5200000000035
2025-04-04,300.5900000000047
2025-04-07,-182.42999999999768
2025-04-08,856.795000000011
2025-04-09,2178.6900000000014
2025-04-10,-772.5800000000081
2025-04-11,207.43000000000944
2025-04-14,2.7600000000036378
2025-04-16,11.904999999995766
2025-04-17,-156.1050000000009
2025-04-21,-82.3100000000051
2025-04-22,967.0400000000045
2025-04-23,747.4399999999996
2025-04-24,-314.8200000000022
2025-04-25,-164.49
2025-04-29,234.330000000002
2025-04-30,-121.53500000000003
2025-05-01,-1151.1400000000035
2025-05-02,32.72000000000071
2025-05-05,-166.21500000000128
2025-05-06,2383.260000000002
2025-05-07,804.174999999997
2025-05-08,-181.7399999999991
2025-05-09,-34.239999999999085
2025-05-12,1037.5199999999963
2025-05-13,561.5200000000018
2025-05-14,-81.23000000000296
2025-05-15,-313.7699999999975
2025-05-16,51.26000000000099
2025-05-19,951.5200000000018
2025-05-20,657.0399999999933
2025-05-21,-98.67749999999906
2025-05-22,-500.2999999999996
2025-05-23,398.5200000000028
2025-05-26,315.7600000000009
2025-05-27,-309.06750000000306
2025-05-29,1.6250000000046703
2025-05-30,310.7349999999982
2025-06-02,-130.52499999999546
2025-06-03,-24.72
2025-06-04,531.9899999999989
2025-06-05,1903.0600000000045
2025-06-06,264.2800000000009
2025-06-09,-97.36499999999909
2025-06-10,-225.55500000000256
2025-06-11,-105.16500000000109
2025-06-12,-12.260000000002933
2025-06-13,1349.3699999999992
2025-06-16,-120.9900000000009
2025-06-17,397.7699999999991
2025-06-18,374.5200000000036
2025-06-19,-258.4799999999982
2025-06-20,-270.10500000000184
2025-06-23,-81.08000000000037
2025-06-24,-194.7050000000022
2025-06-26,288.7600000000017
2025-06-27,120.0074999999893
2025-06-30,1490.0399999999927
2025-07-01,959.2800000000009
2025-07-02,138.76000000000312
2025-07-03,182.75999999999908
2025-07-07,-104.49
2025-07-08,-59.71999999999999
2025-07-09,593.7599999999982
2025-07-10,628.2300000000027
2025-07-11,155.77999999999153
2025-07-15,-51.24000000000171
2025-07-16,123.75999999999901
2025-07-18,286.2600000000004
2025-07-21,-99.23999999999997
2025-07-22,-56.23999999999716
2025-07-24,388.759999999996
2025-07-29,48.760000000000005
2025-07-30,-1.239999999997442
2025-08-04,-39.292500000001894
2025-09-16,365.01
2025-10-28,42.510000000000005
2025-11-11,25.009999999999998
2025-12-16,-74.99
